<?xml version="1.0" encoding="UTF-8" standalone="yes"?>
<server>
    <featureManager>
        <feature>jsp-2.3</feature>
        <feature>jdbc-4.1</feature>
    </featureManager>
    <authData id="prplndmsrvr1Node02/DBUser-ORDERDB" user="db2inst1" password="???"/>
    <jdbcDriver id="DB2_Using_IBM_JCC_Driver_(XA)" javax.sql.DataSource="com.ibm.db2.jcc.DB2XADataSource">
        <library>
            <file name="${DB2_JCC_DRIVER_PATH}/db2jcc4.jar"/>
            <file name="${UNIVERSAL_JDBC_DRIVER_PATH}/db2jcc_license_cu.jar"/>
            <file name="${DB2_JCC_DRIVER_PATH}/db2jcc_license_cisuz.jar"/>
        </library>
    </jdbcDriver>
    <dataSource id="OrderDS" jndiName="jdbc/orderds" jdbcDriverRef="DB2_Using_IBM_JCC_Driver_(XA)" containerAuthDataRef="prplndmsrvr1Node02/DBUser-ORDERDB">
        <properties.db2.jcc databaseName="ORDERDB" serverName="cap-sg-prd-2.integration.ibmcloud.com" portNumber="16516" retrieveMessagesFromServerOnGetMessage="true" traceLevel="-1" useTransactionRedirect="false" validateNewConnectionRetryCount="100" unbindClientRerouteListFromJndi="false" freeResourcesOnClose="false" nonTransactionalDataSource="false" validateNewConnectionRetryInterval="3" jmsOnePhaseOptimization="false" beginTranForResultSetScrollingAPIs="false" beginTranForVendorAPIs="false" connectionSharing="1" validateNewConnection="false" name="OrderDS" errorDetectionModel="ExceptionMapping" preTestSQLString="SELECT CURRENT SQLID FROM SYSIBM.SYSDUMMY1" enableMultithreadedAccessDetection="false" reauthentication="false"/>
        <connectionManager agedTimeout="0" connectionTimeout="180" maxIdleTime="1800" maxPoolSize="10" minPoolSize="1" reapTime="180"/>
    </dataSource>
    <variable name="DB2_JCC_DRIVER_PATH" value="/opt/IBM/WebSphere/AppServer/deploytool/itp/plugins/com.ibm.datatools.db2_2.1.102.v20100709_0407/driver"/>
    <variable name="DERBY_JDBC_DRIVER_PATH" value="${WAS_INSTALL_ROOT}/derby/lib"/>
    <variable name="UNIVERSAL_JDBC_DRIVER_PATH" value="${WAS_INSTALL_ROOT}/universalDriver/lib"/>
    <variable name="DB2_JCC_DRIVER_NATIVEPATH" value=""/>
</server>
