{"productInf":[{"name":"IBM WebSphere Application Server - ND","id":"ND","version":"7.0.0.43","buildDate":"3/23/17","buildLevel":"cf431712.01"},{"name":"Web 2.0 and Mobile Feature Pack","id":"WEB2MOBILE","version":"1.1.0.0","buildDate":"5/25/11","buildLevel":"web21122.15"},{"name":"Feature Pack for OSGi Applications and Java Persistence API 2.0","id":"ARIESJPA","version":"1.0.0.9","buildDate":"11/29/12","buildLevel":"cf091248.03"}],"profiles":[{"name":"AppSrv02","profilePath":"/opt/IBM/WebSphere/AppServer/profiles/AppSrv02","cellName":"prplndmsrvr1Node02Cell","dmgrName":null,"nodes":null,"servers":null,"clusterNames":null,"applications":["/opt/IBM/WebSphere/AppServer/profiles/AppSrv02/config/cells/prplndmsrvr1Node02Cell/applications/CustomerOrderServicesApp.ear/CustomerOrderServicesApp.ear"],"appToClusterMapping":null,"isStandalone":true,"webSphereVersion":"was70","javaVersion":"ibm5"}]}