{"productInf":[{"name":"Web 2.0 and Mobile Feature Pack","id":"WEB2MOBILE","version":"1.1.0.0","buildDate":"5/25/11","buildLevel":"web21122.15"},{"name":"IBM WebSphere Application Server - ND","id":"ND","version":"7.0.0.43","buildDate":"3/23/17","buildLevel":"cf431712.01"},{"name":"Feature Pack for OSGi Applications and Java Persistence API 2.0","id":"ARIESJPA","version":"1.0.0.9","buildDate":"11/29/12","buildLevel":"cf091248.03"}],"profiles":[{"name":"Dmgr01","profilePath":"/opt/IBM/WebSphere/AppServer/profiles/Dmgr01","cellName":"prplndmsrvr1Cell01","dmgrName":null,"nodes":null,"servers":[{"name":"webserver1","displayName":"","serverType":"WEB_SERVER"}],"clusterNames":["CustomerOrder"],"applications":["/opt/IBM/WebSphere/AppServer/profiles/Dmgr01/config/cells/prplndmsrvr1Cell01/applications/CustomerOrderServicesApp.ear/CustomerOrderServicesApp.ear"],"appToClusterMapping":null,"isStandalone":false,"webSphereVersion":"was70","javaVersion":"ibm5"},{"name":"AppSrv01","profilePath":"/opt/IBM/WebSphere/AppServer/profiles/AppSrv01","cellName":"prplndmsrvr1Node01Cell","dmgrName":null,"nodes":null,"servers":null,"clusterNames":null,"applications":["/opt/IBM/WebSphere/AppServer/profiles/AppSrv01/config/cells/prplndmsrvr1Node01Cell/applications/query.ear/query.ear","/opt/IBM/WebSphere/AppServer/profiles/AppSrv01/config/cells/prplndmsrvr1Node01Cell/applications/DefaultApplication.ear/DefaultApplication.ear"],"appToClusterMapping":null,"isStandalone":true,"webSphereVersion":"was70","javaVersion":"ibm5"}]}